setting,run,graph_id,node_with_question_mark,ground_truth,prompt,response,parsed_response,token_limit_fraction
ff,1,0,1758,2,"Task : Node Label Prediction (Predict the label of the node marked with a ?, given the adjacency list information as a dictionary of type ""node:node neighborhood"" and node-label mapping in the text enclosed in triple backticks). Response should be in the format ""Label of Node = <predicted label>"". If the predicted label cannot be determined, return ""Label of Node = -1"". 
        ```Adjacency list: {'464': ['2444', '403', '1758'], '2444': ['464', '1742'], '1742': ['2444', '403', '526', '533', '1427', '1749', '1758'], '403': ['464', '1742'], '1758': ['464', '1742'], '526': ['1742'], '533': ['1742'], '1427': ['1742'], '1749': ['1742']}
Node to Label Mapping : 
Node 2444: Label 2| Node 464: Label 2| Node 1742: Label 2| Node 403: Label 2| Node 526: Label 2| Node 533: Label 2| Node 1427: Label 2| Node 1749: Label 2| Node 1758: Label ?| ```
        ",Label of Node = 2,2,0.034912109375
ff,1,1,2654,2,"Task : Node Label Prediction (Predict the label of the node marked with a ?, given the adjacency list information as a dictionary of type ""node:node neighborhood"" and node-label mapping in the text enclosed in triple backticks). Response should be in the format ""Label of Node = <predicted label>"". If the predicted label cannot be determined, return ""Label of Node = -1"". 
        ```Adjacency list: {'403': ['806', '1383', '2503', '1037', '1742', '464', '2654'], '806': ['403', '1383'], '1383': ['806', '403'], '2503': ['403'], '1037': ['403', '2447', '2654'], '1742': ['403'], '464': ['403'], '2654': ['403', '1037', '2655'], '2447': ['1037'], '2655': ['2654']}
Node to Label Mapping : 
Node 806: Label 2| Node 403: Label 2| Node 1383: Label 2| Node 2503: Label 2| Node 1037: Label 2| Node 2447: Label 2| Node 2654: Label ?| Node 1742: Label 2| Node 464: Label 2| Node 2655: Label 2| ```
        ",Label of Node = 2,2,0.037353515625
ff,1,2,933,2,"Task : Node Label Prediction (Predict the label of the node marked with a ?, given the adjacency list information as a dictionary of type ""node:node neighborhood"" and node-label mapping in the text enclosed in triple backticks). Response should be in the format ""Label of Node = <predicted label>"". If the predicted label cannot be determined, return ""Label of Node = -1"". 
        ```Adjacency list: {'534': ['609', '933'], '609': ['534', '883', '1358'], '883': ['609', '933'], '1358': ['609', '1038'], '933': ['534', '883', '1038'], '1038': ['1358', '933', '2503', '565'], '2503': ['1038'], '565': ['1038']}
Node to Label Mapping : 
Node 609: Label 2| Node 534: Label 2| Node 883: Label 2| Node 1358: Label 2| Node 933: Label ?| Node 1038: Label 2| Node 2503: Label 2| Node 565: Label 2| ```
        ",Label of Node = 2,2,0.0316162109375
ff,1,3,2448,2,"Task : Node Label Prediction (Predict the label of the node marked with a ?, given the adjacency list information as a dictionary of type ""node:node neighborhood"" and node-label mapping in the text enclosed in triple backticks). Response should be in the format ""Label of Node = <predicted label>"". If the predicted label cannot be determined, return ""Label of Node = -1"". 
        ```Adjacency list: {'1067': ['1216', '2448'], '1216': ['1067', '2446'], '2446': ['1216', '609', '1427', '1712', '1716', '1749', '2447', '2448'], '2448': ['1067', '2446', '609', '762'], '609': ['2446', '534', '883', '1358', '2447', '2448'], '1427': ['2446'], '1712': ['2446', '1358'], '1716': ['2446', '1358'], '1749': ['2446', '1358'], '2447': ['2446', '609'], '534': ['609'], '883': ['609'], '1358': ['609', '1712', '1716', '1749'], '762': ['2448']}
Node to Label Mapping : 
Node 1216: Label 2| Node 1067: Label 2| Node 2446: Label 2| Node 609: Label 2| Node 534: Label 2| Node 883: Label 2| Node 1358: Label 2| Node 2447: Label 2| Node 2448: Label ?| Node 1427: Label 2| Node 1712: Label 2| Node 1716: Label 2| Node 1749: Label 2| Node 762: Label 2| ```
        ",Label of Node = 2,2,0.0513916015625
ff,1,4,1067,2,"Task : Node Label Prediction (Predict the label of the node marked with a ?, given the adjacency list information as a dictionary of type ""node:node neighborhood"" and node-label mapping in the text enclosed in triple backticks). Response should be in the format ""Label of Node = <predicted label>"". If the predicted label cannot be determined, return ""Label of Node = -1"". 
        ```Adjacency list: {'526': ['1216'], '1216': ['526', '1067', '2446', '2503'], '1067': ['1216', '2448'], '2446': ['1216', '609', '2448'], '2503': ['1216'], '2448': ['1067', '2446', '609', '762'], '609': ['2446', '2448'], '762': ['2448']}
Node to Label Mapping : 
Node 1216: Label 2| Node 526: Label 2| Node 1067: Label ?| Node 2446: Label 2| Node 2503: Label 2| Node 609: Label 2| Node 2448: Label 2| Node 762: Label 2| ```
        ",Label of Node = 2,2,0.032958984375
ff,1,5,533,2,"Task : Node Label Prediction (Predict the label of the node marked with a ?, given the adjacency list information as a dictionary of type ""node:node neighborhood"" and node-label mapping in the text enclosed in triple backticks). Response should be in the format ""Label of Node = <predicted label>"". If the predicted label cannot be determined, return ""Label of Node = -1"". 
        ```Adjacency list: {'1742': ['2444', '403', '526', '533', '1007', '1427', '1749', '1758'], '2444': ['1742'], '403': ['1742'], '526': ['1742', '1007'], '533': ['1742'], '1007': ['1742', '526'], '1427': ['1742'], '1749': ['1742'], '1758': ['1742']}
Node to Label Mapping : 
Node 2444: Label 2| Node 1742: Label 2| Node 403: Label 2| Node 526: Label 2| Node 533: Label ?| Node 1007: Label 2| Node 1427: Label 2| Node 1749: Label 2| Node 1758: Label 2| ```
        ",Label of Node = 2,2,0.0345458984375
ff,1,6,1383,2,"Task : Node Label Prediction (Predict the label of the node marked with a ?, given the adjacency list information as a dictionary of type ""node:node neighborhood"" and node-label mapping in the text enclosed in triple backticks). Response should be in the format ""Label of Node = <predicted label>"". If the predicted label cannot be determined, return ""Label of Node = -1"". 
        ```Adjacency list: {'403': ['806', '1383', '2503', '1037', '1742', '464', '2654'], '806': ['403', '1383'], '1383': ['806', '403'], '2503': ['403'], '1037': ['403', '2654'], '1742': ['403'], '464': ['403'], '2654': ['403', '1037']}
Node to Label Mapping : 
Node 806: Label 2| Node 403: Label 2| Node 1383: Label ?| Node 2503: Label 2| Node 1037: Label 2| Node 2654: Label 2| Node 1742: Label 2| Node 464: Label 2| ```
        ",Label of Node = 2,2,0.0322265625
ff,1,7,2444,2,"Task : Node Label Prediction (Predict the label of the node marked with a ?, given the adjacency list information as a dictionary of type ""node:node neighborhood"" and node-label mapping in the text enclosed in triple backticks). Response should be in the format ""Label of Node = <predicted label>"". If the predicted label cannot be determined, return ""Label of Node = -1"". 
        ```Adjacency list: {'526': ['1216', '1742'], '1216': ['526', '2503'], '2503': ['1216', '403', '1038', '2444'], '1742': ['526', '403', '2444', '533', '1427', '1758'], '403': ['2503', '1742', '464'], '1038': ['2503'], '2444': ['2503', '464', '1742'], '464': ['403', '2444', '1758'], '1758': ['464', '1742'], '533': ['1742'], '1427': ['1742']}
Node to Label Mapping : 
Node 1216: Label 2| Node 526: Label 2| Node 2503: Label 2| Node 403: Label 2| Node 1038: Label 2| Node 2444: Label ?| Node 464: Label 2| Node 1742: Label 2| Node 533: Label 2| Node 1427: Label 2| Node 1758: Label 2| ```
        ",Label of Node = 2,2,0.041748046875
ff,1,8,526,2,"Task : Node Label Prediction (Predict the label of the node marked with a ?, given the adjacency list information as a dictionary of type ""node:node neighborhood"" and node-label mapping in the text enclosed in triple backticks). Response should be in the format ""Label of Node = <predicted label>"". If the predicted label cannot be determined, return ""Label of Node = -1"". 
        ```Adjacency list: {'565': ['513', '526', '1038', '687', '244', '1528', '2279'], '513': ['565', '1528'], '1528': ['513', '565'], '526': ['565', '1742', '1007', '1216'], '1038': ['565', '2503', '1358'], '687': ['565', '1358'], '244': ['565', '1358'], '2279': ['565', '2466'], '1067': ['2307', '1216'], '2307': ['1067', '1742'], '1742': ['2307', '2444', '526', '403', '1427', '533', '580', '1007', '1358', '1749', '1758'], '1216': ['1067', '2503', '526', '2446'], '2444': ['1742', '580', '2503'], '403': ['1742', '2503'], '1427': ['1742', '2446'], '533': ['1742', '2466'], '580': ['1742', '2444', '1358', '1758'], '1007': ['1742', '526', '2466'], '1358': ['1742', '580', '1038', '687', '244', '1749', '1758'], '1749': ['1742', '1358', '2446'], '1758': ['1742', '580', '1358', '2466'], '2503': ['2444', '1038', '403', '1216'], '2466': ['1007', '533', '1758', '2279'], '2446': ['1216', '1427', '1749']}
Node to Label Mapping : 
Node 513: Label 2| Node 565: Label 2| Node 1528: Label 2| Node 2307: Label 2| Node 1067: Label 2| Node 1742: Label 2| Node 2444: Label 2| Node 580: Label 2| Node 2503: Label 2| Node 526: Label ?| Node 1007: Label 2| Node 1216: Label 2| Node 1038: Label 2| Node 1358: Label 2| Node 2446: Label 2| Node 1427: Label 2| Node 1749: Label 2| Node 403: Label 2| Node 533: Label 2| Node 2466: Label 2| Node 1758: Label 2| Node 2279: Label 2| Node 687: Label 2| Node 244: Label 2| ```
        ",Label of Node = 2,2,0.0867919921875
ff,1,9,464,2,"Task : Node Label Prediction (Predict the label of the node marked with a ?, given the adjacency list information as a dictionary of type ""node:node neighborhood"" and node-label mapping in the text enclosed in triple backticks). Response should be in the format ""Label of Node = <predicted label>"". If the predicted label cannot be determined, return ""Label of Node = -1"". 
        ```Adjacency list: {'403': ['806', '1383', '2503', '1037', '1742', '464', '2654'], '806': ['403', '1383'], '1383': ['806', '403'], '2503': ['403'], '1037': ['403', '2654'], '1742': ['403'], '464': ['403'], '2654': ['403', '1037']}
Node to Label Mapping : 
Node 806: Label 2| Node 403: Label 2| Node 1383: Label 2| Node 2503: Label 2| Node 1037: Label 2| Node 2654: Label 2| Node 1742: Label 2| Node 464: Label ?| ```
        ",Label of Node = 2,2,0.0322265625
ff,1,10,2654,2,"Task : Node Label Prediction (Predict the label of the node marked with a ?, given the adjacency list information as a dictionary of type ""node:node neighborhood"" and node-label mapping in the text enclosed in triple backticks). Response should be in the format ""Label of Node = <predicted label>"". If the predicted label cannot be determined, return ""Label of Node = -1"". 
        ```Adjacency list: {'403': ['806', '1383', '2503', '1037', '1742', '464', '2654'], '806': ['403', '1383'], '1383': ['806', '403'], '2503': ['403'], '1037': ['403', '2447', '2654'], '1742': ['403'], '464': ['403'], '2654': ['403', '1037', '2655'], '2447': ['1037'], '2655': ['2654']}
Node to Label Mapping : 
Node 806: Label 2| Node 403: Label 2| Node 1383: Label 2| Node 2503: Label 2| Node 1037: Label 2| Node 2447: Label 2| Node 2654: Label ?| Node 1742: Label 2| Node 464: Label 2| Node 2655: Label 2| ```
        ",Label of Node = 2,2,0.037353515625
ff,1,11,2444,2,"Task : Node Label Prediction (Predict the label of the node marked with a ?, given the adjacency list information as a dictionary of type ""node:node neighborhood"" and node-label mapping in the text enclosed in triple backticks). Response should be in the format ""Label of Node = <predicted label>"". If the predicted label cannot be determined, return ""Label of Node = -1"". 
        ```Adjacency list: {'526': ['1216', '1742'], '1216': ['526', '2503'], '2503': ['1216', '403', '1038', '2444'], '1742': ['526', '403', '2444', '533', '1427', '1758'], '403': ['2503', '1742', '464'], '1038': ['2503'], '2444': ['2503', '464', '1742'], '464': ['403', '2444', '1758'], '1758': ['464', '1742'], '533': ['1742'], '1427': ['1742']}
Node to Label Mapping : 
Node 1216: Label 2| Node 526: Label 2| Node 2503: Label 2| Node 403: Label 2| Node 1038: Label 2| Node 2444: Label ?| Node 464: Label 2| Node 1742: Label 2| Node 533: Label 2| Node 1427: Label 2| Node 1758: Label 2| ```
        ",Label of Node = 2,2,0.041748046875
ff,1,12,2448,2,"Task : Node Label Prediction (Predict the label of the node marked with a ?, given the adjacency list information as a dictionary of type ""node:node neighborhood"" and node-label mapping in the text enclosed in triple backticks). Response should be in the format ""Label of Node = <predicted label>"". If the predicted label cannot be determined, return ""Label of Node = -1"". 
        ```Adjacency list: {'1067': ['1216', '2448'], '1216': ['1067', '2446'], '2446': ['1216', '609', '1427', '1712', '1716', '1749', '2447', '2448'], '2448': ['1067', '2446', '609', '762'], '609': ['2446', '1358', '2447', '2448'], '1427': ['2446'], '1712': ['2446', '1358'], '1716': ['2446', '1358'], '1749': ['2446', '1358'], '2447': ['2446', '609'], '1358': ['609', '1712', '1716', '1749'], '762': ['2448']}
Node to Label Mapping : 
Node 1216: Label 2| Node 1067: Label 2| Node 2446: Label 2| Node 609: Label 2| Node 1358: Label 2| Node 2447: Label 2| Node 2448: Label ?| Node 1427: Label 2| Node 1712: Label 2| Node 1716: Label 2| Node 1749: Label 2| Node 762: Label 2| ```
        ",Label of Node = 2,2,0.0472412109375
ff,1,13,534,2,"Task : Node Label Prediction (Predict the label of the node marked with a ?, given the adjacency list information as a dictionary of type ""node:node neighborhood"" and node-label mapping in the text enclosed in triple backticks). Response should be in the format ""Label of Node = <predicted label>"". If the predicted label cannot be determined, return ""Label of Node = -1"". 
        ```Adjacency list: {'534': ['609', '933'], '609': ['534', '883', '1358', '2446', '2447', '2448'], '883': ['609', '933'], '1358': ['609', '1038'], '2446': ['609', '2447', '2448'], '2447': ['609', '2446'], '2448': ['609', '2446'], '933': ['534', '883', '1038'], '1038': ['1358', '933']}
Node to Label Mapping : 
Node 609: Label 2| Node 534: Label ?| Node 883: Label 2| Node 1358: Label 2| Node 2446: Label 2| Node 2447: Label 2| Node 2448: Label 2| Node 933: Label 2| Node 1038: Label 2| ```
        ",Label of Node = 2,2,0.0361328125
ff,1,14,2654,2,"Task : Node Label Prediction (Predict the label of the node marked with a ?, given the adjacency list information as a dictionary of type ""node:node neighborhood"" and node-label mapping in the text enclosed in triple backticks). Response should be in the format ""Label of Node = <predicted label>"". If the predicted label cannot be determined, return ""Label of Node = -1"". 
        ```Adjacency list: {'403': ['806', '1383', '2503', '1037', '1742', '464', '2654'], '806': ['403', '1383'], '1383': ['806', '403'], '2503': ['403'], '1037': ['403', '2447', '2654'], '1742': ['403'], '464': ['403'], '2654': ['403', '1037', '2655'], '2447': ['1037'], '2655': ['2654']}
Node to Label Mapping : 
Node 806: Label 2| Node 403: Label 2| Node 1383: Label 2| Node 2503: Label 2| Node 1037: Label 2| Node 2447: Label 2| Node 2654: Label ?| Node 1742: Label 2| Node 464: Label 2| Node 2655: Label 2| ```
        ",Label of Node = 2,2,0.037353515625
ff,1,15,2503,2,"Task : Node Label Prediction (Predict the label of the node marked with a ?, given the adjacency list information as a dictionary of type ""node:node neighborhood"" and node-label mapping in the text enclosed in triple backticks). Response should be in the format ""Label of Node = <predicted label>"". If the predicted label cannot be determined, return ""Label of Node = -1"". 
        ```Adjacency list: {'526': ['1216', '1742', '565'], '1216': ['526', '1067', '2446', '2503'], '1067': ['1216'], '2446': ['1216'], '2503': ['1216', '403', '1038', '2444'], '1742': ['526', '580', '1358', '2444', '403'], '565': ['526', '1038'], '403': ['2503', '1742', '806', '1383', '1037', '464', '2654'], '1038': ['2503', '1358', '933', '565'], '2444': ['2503', '580', '1742', '464'], '1358': ['580', '1038', '1742'], '580': ['1358', '1742', '2444'], '464': ['2444', '403'], '933': ['1038'], '806': ['403', '1383'], '1383': ['806', '403'], '1037': ['403', '2654'], '2654': ['403', '1037']}
Node to Label Mapping : 
Node 1216: Label 2| Node 526: Label 2| Node 1067: Label 2| Node 2446: Label 2| Node 2503: Label ?| Node 580: Label 2| Node 1358: Label 2| Node 1742: Label 2| Node 2444: Label 2| Node 933: Label 2| Node 1038: Label 2| Node 806: Label 2| Node 403: Label 2| Node 1383: Label 2| Node 464: Label 2| Node 1037: Label 2| Node 2654: Label 2| Node 565: Label 2| ```
        ",Label of Node = 2,2,0.0625
ff,1,16,523,4,"Task : Node Label Prediction (Predict the label of the node marked with a ?, given the adjacency list information as a dictionary of type ""node:node neighborhood"" and node-label mapping in the text enclosed in triple backticks). Response should be in the format ""Label of Node = <predicted label>"". If the predicted label cannot be determined, return ""Label of Node = -1"". 
        ```Adjacency list: {'429': ['705', '196', '38', '523', '86', '794', '863', '1493', '1807', '2001', '2044'], '705': ['429'], '196': ['429'], '38': ['429', '863'], '523': ['429', '2406', '949'], '86': ['429'], '794': ['429', '863'], '863': ['429', '38', '794'], '1493': ['429'], '1807': ['429'], '2001': ['429', '2044'], '2044': ['429', '2001'], '2406': ['523'], '949': ['523']}
Node to Label Mapping : 
Node 705: Label 4| Node 429: Label 4| Node 196: Label 4| Node 38: Label 4| Node 863: Label 0| Node 2406: Label 3| Node 523: Label ?| Node 949: Label 4| Node 86: Label 4| Node 794: Label 0| Node 1493: Label 4| Node 1807: Label 3| Node 2001: Label 4| Node 2044: Label 3| ```
        ",Label of Node = 4,4,0.0452880859375
ff,1,17,383,3,"Task : Node Label Prediction (Predict the label of the node marked with a ?, given the adjacency list information as a dictionary of type ""node:node neighborhood"" and node-label mapping in the text enclosed in triple backticks). Response should be in the format ""Label of Node = <predicted label>"". If the predicted label cannot be determined, return ""Label of Node = -1"". 
        ```Adjacency list: {'733': ['2304', '1160', '401', '435', '2291', '2008', '794', '2268', '383', '862'], '2304': ['733'], '1160': ['733', '401', '794', '2268'], '401': ['733', '1160'], '435': ['733'], '2291': ['733', '2268'], '2008': ['733'], '794': ['733', '1160'], '2268': ['733', '1160', '2291', '309', '1278', '383'], '383': ['733', '2268', '309'], '862': ['733'], '309': ['2268', '383'], '1278': ['2268']}
Node to Label Mapping : 
Node 2304: Label 3| Node 733: Label 0| Node 1160: Label 3| Node 401: Label 3| Node 794: Label 0| Node 2268: Label 0| Node 435: Label 4| Node 2291: Label 0| Node 309: Label 3| Node 383: Label ?| Node 2008: Label 3| Node 1278: Label 3| Node 862: Label 4| ```
        ","The label of a node can often be predicted based on the labels of its neighboring nodes. In this case, Node 383 is connected to Nodes 733, 2268, and 309. The labels of these nodes are 0, 0, and 3 respectively. Since the majority of the neighboring nodes have the label 0, we can predict that Node 383 will also have the label 0.

So, the response is: ""Label of Node = 0"".","0"".",0.0579833984375
ff,1,18,1020,3,"Task : Node Label Prediction (Predict the label of the node marked with a ?, given the adjacency list information as a dictionary of type ""node:node neighborhood"" and node-label mapping in the text enclosed in triple backticks). Response should be in the format ""Label of Node = <predicted label>"". If the predicted label cannot be determined, return ""Label of Node = -1"". 
        ```Adjacency list: {'180': ['1807', '158', '790', '1020', '2004'], '1807': ['180'], '158': ['180'], '790': ['180'], '1020': ['180'], '2004': ['180']}
Node to Label Mapping : 
Node 1807: Label 3| Node 180: Label 3| Node 158: Label 3| Node 790: Label 3| Node 1020: Label ?| Node 2004: Label 3| ```
        ",Label of Node = 3,3,0.0255126953125
ff,1,19,2034,4,"Task : Node Label Prediction (Predict the label of the node marked with a ?, given the adjacency list information as a dictionary of type ""node:node neighborhood"" and node-label mapping in the text enclosed in triple backticks). Response should be in the format ""Label of Node = <predicted label>"". If the predicted label cannot be determined, return ""Label of Node = -1"". 
        ```Adjacency list: {'429': ['705', '86', '1807'], '705': ['429', '617'], '617': ['705', '2034'], '86': ['429', '2034', '1336', '2295'], '1807': ['429', '2034', '180'], '2034': ['617', '1929', '1807', '86', '158', '1336', '2042'], '1929': ['2034'], '158': ['2034', '180'], '1336': ['2034', '1452', '2032', '2033', '86'], '2042': ['2034'], '1452': ['1336'], '2032': ['1336'], '2033': ['1336'], '2295': ['86'], '180': ['1807', '158']}
Node to Label Mapping : 
Node 705: Label 4| Node 429: Label 4| Node 617: Label 3| Node 2034: Label ?| Node 1929: Label 3| Node 1452: Label 4| Node 1336: Label 4| Node 86: Label 4| Node 1807: Label 3| Node 180: Label 3| Node 2032: Label 3| Node 2033: Label 3| Node 158: Label 3| Node 2042: Label 3| Node 2295: Label 0| ```
        ","The node 2034 is connected to nodes 617, 1929, 1807, 86, 158, 1336, and 2042. Looking at the labels of these nodes, we see that most of them have the label 3 or 4. However, the label 3 is more frequent among the connected nodes. Therefore, it is reasonable to predict that the label of node 2034 is also 3.

Label of Node = 3",3,0.06201171875
ff,1,20,1160,3,"Task : Node Label Prediction (Predict the label of the node marked with a ?, given the adjacency list information as a dictionary of type ""node:node neighborhood"" and node-label mapping in the text enclosed in triple backticks). Response should be in the format ""Label of Node = <predicted label>"". If the predicted label cannot be determined, return ""Label of Node = -1"". 
        ```Adjacency list: {'429': ['38', '794', '863'], '38': ['429', '862', '863', '1160'], '862': ['38', '733'], '863': ['38', '429', '1160', '1590', '794'], '1160': ['38', '863', '733', '794'], '794': ['429', '863', '1160', '733', '1590'], '733': ['862', '1160', '794'], '1590': ['863', '794']}
Node to Label Mapping : 
Node 38: Label 4| Node 429: Label 4| Node 862: Label 4| Node 863: Label 0| Node 1160: Label ?| Node 733: Label 0| Node 794: Label 0| Node 1590: Label 3| ```
        ",Label of Node = 0,0,0.034912109375
ff,1,21,2001,4,"Task : Node Label Prediction (Predict the label of the node marked with a ?, given the adjacency list information as a dictionary of type ""node:node neighborhood"" and node-label mapping in the text enclosed in triple backticks). Response should be in the format ""Label of Node = <predicted label>"". If the predicted label cannot be determined, return ""Label of Node = -1"". 
        ```Adjacency list: {'429': ['705', '196', '38', '523', '86', '794', '863', '1493', '1807', '2001', '2044'], '705': ['429'], '196': ['429'], '38': ['429', '863'], '523': ['429'], '86': ['429'], '794': ['429', '863'], '863': ['429', '38', '794'], '1493': ['429'], '1807': ['429'], '2001': ['429', '2044'], '2044': ['429', '2001']}
Node to Label Mapping : 
Node 705: Label 4| Node 429: Label 4| Node 196: Label 4| Node 38: Label 4| Node 863: Label 0| Node 523: Label 4| Node 86: Label 4| Node 794: Label 0| Node 1493: Label 4| Node 1807: Label 3| Node 2001: Label ?| Node 2044: Label 3| ```
        ","The node 2001 is connected to nodes 429 and 2044. The labels of these nodes are 4 and 3 respectively. Since there is no clear majority, the label of node 2001 cannot be determined. 

Label of Node = -1",-1,0.046630859375
ff,1,22,1772,1,"Task : Node Label Prediction (Predict the label of the node marked with a ?, given the adjacency list information as a dictionary of type ""node:node neighborhood"" and node-label mapping in the text enclosed in triple backticks). Response should be in the format ""Label of Node = <predicted label>"". If the predicted label cannot be determined, return ""Label of Node = -1"". 
        ```Adjacency list: {'109': ['133', '1805', '306', '1337', '1624', '1769', '1772', '236', '1779', '2045'], '133': ['109', '1623', '1777', '1784', '2045'], '1623': ['133', '139', '1783', '910', '660', '719', '350', '887', '1767', '1769', '1772', '1775', '1777', '1779', '1784'], '1777': ['133', '1623', '1624'], '1784': ['133', '1623', '1072', '2045'], '2045': ['133', '109', '1784', '139', '306', '1337', '341', '1772', '236'], '1805': ['109', '306', '1072'], '306': ['109', '2045', '1158', '302', '1799', '139', '1805', '910', '2089', '2090', '1072', '236', '350', '719', '887', '1772', '1775', '1779'], '1337': ['109', '2045'], '1624': ['109', '1777', '887', '1779'], '1769': ['109', '1623'], '1772': ['109', '1623', '2045', '306'], '236': ['109', '2045', '306', '1072'], '1779': ['109', '1623', '306', '1624'], '139': ['1623', '2045', '306', '660', '910'], '1783': ['1623', '1767'], '910': ['1623', '306', '139', '887'], '660': ['1623', '139'], '719': ['1623', '302', '306'], '350': ['1623', '302', '306', '2089', '2090', '1775'], '887': ['1623', '306', '910', '1624'], '1767': ['1623', '1783'], '1775': ['1623', '306', '350'], '1072': ['1784', '306', '1799', '1805', '236'], '341': ['2045'], '302': ['1158', '306', '350', '719'], '1158': ['302', '306'], '1799': ['306', '1072'], '2089': ['306', '350'], '2090': ['306', '350']}
Node to Label Mapping : 
Node 133: Label 1| Node 109: Label 1| Node 1623: Label 1| Node 1777: Label 1| Node 1784: Label 1| Node 2045: Label 1| Node 1158: Label 1| Node 302: Label 1| Node 306: Label 1| Node 1799: Label 3| Node 1072: Label 2| Node 139: Label 1| Node 660: Label 1| Node 910: Label 1| Node 1783: Label 1| Node 1767: Label 1| Node 1805: Label 1| Node 887: Label 1| Node 2089: Label 0| Node 350: Label 1| Node 2090: Label 1| Node 719: Label 1| Node 236: Label 1| Node 1772: Label ?| Node 1775: Label 1| Node 1779: Label 1| Node 1337: Label 1| Node 341: Label 2| Node 1769: Label 1| Node 1624: Label 1| ```
        ","The label of the node can be predicted based on the labels of its neighboring nodes. The node '1772' has the following neighbors: ['109', '1623', '2045', '306']. Looking at the node to label mapping, all these nodes have the label '1'. Therefore, it is highly likely that the node '1772' also has the label '1'.

Label of Node = 1",1,0.1253662109375
ff,1,23,350,1,"Task : Node Label Prediction (Predict the label of the node marked with a ?, given the adjacency list information as a dictionary of type ""node:node neighborhood"" and node-label mapping in the text enclosed in triple backticks). Response should be in the format ""Label of Node = <predicted label>"". If the predicted label cannot be determined, return ""Label of Node = -1"". 
        ```Adjacency list: {'109': ['133', '1805', '306', '1769', '236', '1772', '1779', '2045'], '133': ['109', '1623', '1777', '1784', '2045'], '1623': ['133', '139', '1783', '910', '660', '719', '350', '887', '1767', '1769', '1772', '1775', '1777', '1779', '1784'], '1777': ['133', '1623'], '1784': ['133', '1623', '1072', '2045'], '2045': ['133', '109', '1784', '139', '306', '236', '1772'], '1805': ['109', '306', '1072'], '306': ['109', '2045', '1158', '302', '1799', '139', '1805', '910', '1072', '236', '350', '719', '887', '1772', '1775', '1779'], '1769': ['109', '1623'], '236': ['109', '2045', '306', '1072'], '1772': ['109', '1623', '2045', '306'], '1779': ['109', '1623', '306'], '139': ['1623', '2045', '306', '660', '910'], '1783': ['1623', '1767'], '910': ['1623', '306', '139', '887'], '660': ['1623', '139'], '719': ['1623', '302', '306'], '350': ['1623', '302', '306', '1775'], '887': ['1623', '306', '910'], '1767': ['1623', '1783'], '1775': ['1623', '306', '350', '484'], '1072': ['1784', '306', '1799', '1805', '236'], '302': ['1158', '306', '350', '719', '1253'], '1158': ['302', '306'], '1253': ['302'], '1799': ['306', '1072'], '484': ['1775']}
Node to Label Mapping : 
Node 133: Label 1| Node 109: Label 1| Node 1623: Label 1| Node 1777: Label 1| Node 1784: Label 1| Node 2045: Label 1| Node 1158: Label 1| Node 302: Label 1| Node 306: Label 1| Node 1799: Label 3| Node 1072: Label 2| Node 139: Label 1| Node 660: Label 1| Node 910: Label 1| Node 1783: Label 1| Node 1767: Label 1| Node 1805: Label 1| Node 887: Label 1| Node 350: Label ?| Node 719: Label 1| Node 1253: Label 1| Node 236: Label 1| Node 1772: Label 1| Node 1775: Label 1| Node 1779: Label 1| Node 1769: Label 1| Node 484: Label 1| ```
        ","The node 350 is connected to nodes 1623, 302, 306, and 1775. All these nodes have the label 1. Therefore, it is highly likely that node 350 also has the label 1.

Label of Node = 1",1,0.10888671875
ff,1,24,1072,2,"Task : Node Label Prediction (Predict the label of the node marked with a ?, given the adjacency list information as a dictionary of type ""node:node neighborhood"" and node-label mapping in the text enclosed in triple backticks). Response should be in the format ""Label of Node = <predicted label>"". If the predicted label cannot be determined, return ""Label of Node = -1"". 
        ```Adjacency list: {'109': ['133', '306', '1779', '2045'], '133': ['109', '1623', '1784', '2045'], '1623': ['133', '139', '910', '719', '350', '887', '1775', '1779', '1784'], '1784': ['133', '1623', '1072', '2096', '2045'], '2045': ['133', '109', '1784', '139', '306'], '306': ['109', '2045', '1158', '302', '1799', '139', '910', '1072', '350', '719', '887', '1775', '1779'], '1779': ['109', '1623', '306'], '139': ['1623', '2045', '306', '910'], '910': ['1623', '306', '139', '887'], '719': ['1623', '302', '306'], '350': ['1623', '302', '306', '1775'], '887': ['1623', '306', '910'], '1775': ['1623', '306', '350'], '1072': ['1784', '306', '1799'], '2096': ['1784'], '302': ['1158', '306', '350', '719'], '1158': ['302', '306'], '1799': ['306', '1072', '1465'], '1465': ['1799']}
Node to Label Mapping : 
Node 133: Label 1| Node 109: Label 1| Node 1623: Label 1| Node 1784: Label 1| Node 2045: Label 1| Node 1158: Label 1| Node 302: Label 1| Node 306: Label 1| Node 1799: Label 3| Node 1072: Label ?| Node 1465: Label 3| Node 139: Label 1| Node 910: Label 1| Node 887: Label 1| Node 350: Label 1| Node 719: Label 1| Node 2096: Label 1| Node 1775: Label 1| Node 1779: Label 1| ```
        ","The node 1072 is connected to nodes 1784, 306, and 1799. The labels of these nodes are 1, 1, and 3 respectively. Since the majority of the connected nodes have label 1, we can predict that the label of node 1072 is also 1.

Label of Node = 1",1,0.08154296875
ff,1,25,1810,3,"Task : Node Label Prediction (Predict the label of the node marked with a ?, given the adjacency list information as a dictionary of type ""node:node neighborhood"" and node-label mapping in the text enclosed in triple backticks). Response should be in the format ""Label of Node = <predicted label>"". If the predicted label cannot be determined, return ""Label of Node = -1"". 
        ```Adjacency list: {'719': ['1623', '302', '306', '1810'], '1623': ['719'], '302': ['719', '306'], '306': ['719', '302'], '1810': ['719', '1815', '1816'], '1815': ['1810'], '1816': ['1810']}
Node to Label Mapping : 
Node 1623: Label 1| Node 719: Label 1| Node 302: Label 1| Node 306: Label 1| Node 1810: Label ?| Node 1815: Label 3| Node 1816: Label 3| ```
        ",Label of Node = 1,1,0.0289306640625
ff,1,26,1815,3,"Task : Node Label Prediction (Predict the label of the node marked with a ?, given the adjacency list information as a dictionary of type ""node:node neighborhood"" and node-label mapping in the text enclosed in triple backticks). Response should be in the format ""Label of Node = <predicted label>"". If the predicted label cannot be determined, return ""Label of Node = -1"". 
        ```Adjacency list: {'1810': ['576', '482', '1348', '230', '719', '1808', '511', '1811', '1814', '1815', '1816'], '576': ['1810'], '482': ['1810', '1814'], '1348': ['1810'], '230': ['1810'], '719': ['1810'], '1808': ['1810'], '511': ['1810'], '1811': ['1810'], '1814': ['1810', '482'], '1815': ['1810'], '1816': ['1810']}
Node to Label Mapping : 
Node 576: Label 3| Node 1810: Label 3| Node 482: Label 3| Node 1814: Label 3| Node 1348: Label 3| Node 230: Label 3| Node 719: Label 1| Node 1808: Label 3| Node 511: Label 3| Node 1811: Label 3| Node 1815: Label ?| Node 1816: Label 3| ```
        ",Label of Node = 3,3,0.04150390625
ff,1,27,651,0,"Task : Node Label Prediction (Predict the label of the node marked with a ?, given the adjacency list information as a dictionary of type ""node:node neighborhood"" and node-label mapping in the text enclosed in triple backticks). Response should be in the format ""Label of Node = <predicted label>"". If the predicted label cannot be determined, return ""Label of Node = -1"". 
        ```Adjacency list: {'2156': ['324', '2024', '1224', '651'], '324': ['2156'], '2024': ['2156', '651'], '1224': ['2156'], '651': ['2156', '2024']}
Node to Label Mapping : 
Node 324: Label 0| Node 2156: Label 0| Node 2024: Label 5| Node 651: Label ?| Node 1224: Label 0| ```
        ",Label of Node = 0,0,0.024658203125
ff,1,28,2156,0,"Task : Node Label Prediction (Predict the label of the node marked with a ?, given the adjacency list information as a dictionary of type ""node:node neighborhood"" and node-label mapping in the text enclosed in triple backticks). Response should be in the format ""Label of Node = <predicted label>"". If the predicted label cannot be determined, return ""Label of Node = -1"". 
        ```Adjacency list: {'324': ['2194', '827', '2156'], '2194': ['324'], '827': ['324'], '2156': ['324']}
Node to Label Mapping : 
Node 2194: Label 0| Node 324: Label 0| Node 827: Label 3| Node 2156: Label ?| ```
        ",Label of Node = -1,-1,0.02099609375
ff,1,29,32,0,"Task : Node Label Prediction (Predict the label of the node marked with a ?, given the adjacency list information as a dictionary of type ""node:node neighborhood"" and node-label mapping in the text enclosed in triple backticks). Response should be in the format ""Label of Node = <predicted label>"". If the predicted label cannot be determined, return ""Label of Node = -1"". 
        ```Adjacency list: {'1973': ['32', '1637', '490', '1525', '1333', '1976'], '32': ['1973'], '1637': ['1973'], '490': ['1973'], '1525': ['1973'], '1333': ['1973'], '1976': ['1973']}
Node to Label Mapping : 
Node 32: Label ?| Node 1973: Label 6| Node 1637: Label 0| Node 490: Label 5| Node 1525: Label 6| Node 1333: Label 6| Node 1976: Label 6| ```
        ",Label of Node = 6,6,0.0289306640625
ff,1,30,1333,6,"Task : Node Label Prediction (Predict the label of the node marked with a ?, given the adjacency list information as a dictionary of type ""node:node neighborhood"" and node-label mapping in the text enclosed in triple backticks). Response should be in the format ""Label of Node = <predicted label>"". If the predicted label cannot be determined, return ""Label of Node = -1"". 
        ```Adjacency list: {'61': ['2312'], '2312': ['61', '1333'], '1333': ['2312', '2195', '749', '1973'], '2195': ['1333', '594', '663', '2194'], '749': ['1333', '274', '2155'], '1973': ['1333', '1683', '666', '32', '490', '504', '1525', '1637', '1975', '1976'], '274': ['749'], '2155': ['749'], '594': ['2195', '663'], '663': ['2195', '594'], '2194': ['2195'], '1683': ['1973'], '666': ['1973'], '32': ['1973'], '490': ['1973'], '504': ['1973'], '1525': ['1973'], '1637': ['1973'], '1975': ['1973'], '1976': ['1973']}
Node to Label Mapping : 
Node 2312: Label 0| Node 61: Label 0| Node 1333: Label ?| Node 274: Label 0| Node 749: Label 4| Node 2195: Label 0| Node 594: Label 6| Node 663: Label 6| Node 2194: Label 0| Node 1683: Label 6| Node 1973: Label 6| Node 666: Label 0| Node 32: Label 0| Node 490: Label 5| Node 504: Label 6| Node 1525: Label 6| Node 1637: Label 0| Node 1975: Label 6| Node 1976: Label 6| Node 2155: Label 0| ```
        ","The label of a node can often be predicted based on the labels of its neighboring nodes. In this case, the node in question is 1333, and its neighbors are 2312, 2195, 749, and 1973. 

Looking at the node to label mapping, we can see that:
- Node 2312 has label 0
- Node 2195 has label 0
- Node 749 has label 4
- Node 1973 has label 6

There is no clear majority label among these neighbors, so it's difficult to predict the label of node 1333 based on this information. Therefore, the response is ""Label of Node = -1"".",-1,0.0771484375
ff,1,31,2195,0,"Task : Node Label Prediction (Predict the label of the node marked with a ?, given the adjacency list information as a dictionary of type ""node:node neighborhood"" and node-label mapping in the text enclosed in triple backticks). Response should be in the format ""Label of Node = <predicted label>"". If the predicted label cannot be determined, return ""Label of Node = -1"". 
        ```Adjacency list: {'2194': ['1120', '324', '2193', '2195', '214'], '1120': ['2194'], '324': ['2194'], '2193': ['2194'], '2195': ['2194', '1333', '594', '663'], '214': ['2194'], '1333': ['2312', '749', '2195', '1973'], '2312': ['1333'], '749': ['1333'], '1973': ['1333'], '663': ['594', '2195'], '594': ['663', '2195']}
Node to Label Mapping : 
Node 1120: Label 0| Node 2194: Label 0| Node 324: Label 0| Node 2312: Label 0| Node 1333: Label 6| Node 749: Label 4| Node 2193: Label 0| Node 594: Label 6| Node 663: Label 6| Node 2195: Label ?| Node 214: Label 0| Node 1973: Label 6| ```
        ","The node 2195 is connected to nodes 2194, 1333, 594, and 663. Looking at the labels of these connected nodes, we have 0, 6, 6, and 6 respectively. Since the majority of the connected nodes have the label 6, we can predict that the label of node 2195 is also 6.

So, the response is ""Label of Node = 6"".","6"".",0.0517578125
ff,1,32,518,3,"Task : Node Label Prediction (Predict the label of the node marked with a ?, given the adjacency list information as a dictionary of type ""node:node neighborhood"" and node-label mapping in the text enclosed in triple backticks). Response should be in the format ""Label of Node = <predicted label>"". If the predicted label cannot be determined, return ""Label of Node = -1"". 
        ```Adjacency list: {'279': ['32', '666'], '32': ['279', '518', '1850', '1973'], '518': ['32', '666'], '1850': ['32', '666'], '1973': ['32', '666'], '666': ['279', '518', '1850', '1973']}
Node to Label Mapping : 
Node 32: Label 0| Node 279: Label 0| Node 518: Label ?| Node 1850: Label 0| Node 1973: Label 6| Node 666: Label 0| ```
        ",Label of Node = 0,0,0.027587890625
ff,1,33,504,6,"Task : Node Label Prediction (Predict the label of the node marked with a ?, given the adjacency list information as a dictionary of type ""node:node neighborhood"" and node-label mapping in the text enclosed in triple backticks). Response should be in the format ""Label of Node = <predicted label>"". If the predicted label cannot be determined, return ""Label of Node = -1"". 
        ```Adjacency list: {'1973': ['32', '1637', '490', '1975', '1683', '504', '666', '1333', '1525', '1976'], '32': ['1973'], '1637': ['1973'], '490': ['1973'], '1975': ['1973'], '1683': ['1973'], '504': ['1973', '2394', '2396'], '666': ['1973'], '1333': ['1973'], '1525': ['1973'], '1976': ['1973'], '2394': ['504', '2396'], '2396': ['504', '2394']}
Node to Label Mapping : 
Node 32: Label 0| Node 1973: Label 6| Node 1637: Label 0| Node 490: Label 5| Node 1975: Label 6| Node 1683: Label 6| Node 504: Label ?| Node 666: Label 0| Node 1333: Label 6| Node 1525: Label 6| Node 1976: Label 6| Node 2394: Label 6| Node 2396: Label 6| ```
        ","The node 504 is connected to nodes 1973, 2394, and 2396. The labels of these nodes are 6, 6, and 6 respectively. Since all the connected nodes have the same label, we can predict that the label of node 504 is also 6.

Label of Node = 6",6,0.052001953125
ff,1,34,815,0,"Task : Node Label Prediction (Predict the label of the node marked with a ?, given the adjacency list information as a dictionary of type ""node:node neighborhood"" and node-label mapping in the text enclosed in triple backticks). Response should be in the format ""Label of Node = <predicted label>"". If the predicted label cannot be determined, return ""Label of Node = -1"". 
        ```Adjacency list: {'815': ['1344', '2018', '88'], '1344': ['815'], '2018': ['815', '76', '356', '621', '851', '1658', '2019'], '88': ['815', '76', '851', '1658', '2178', '2394', '498', '1309'], '76': ['2018', '2178', '88'], '356': ['2018', '498'], '621': ['2018'], '851': ['2018', '88', '1309'], '1658': ['2018', '88'], '2019': ['2018'], '2178': ['76', '88', '1309'], '498': ['356', '88'], '1309': ['851', '2178', '88'], '2394': ['88']}
Node to Label Mapping : 
Node 1344: Label 3| Node 815: Label ?| Node 2018: Label 0| Node 76: Label 5| Node 356: Label 4| Node 621: Label 5| Node 851: Label 0| Node 1658: Label 0| Node 2019: Label 0| Node 2178: Label 5| Node 88: Label 0| Node 1309: Label 5| Node 498: Label 4| Node 2394: Label 6| ```
        ","The label of a node can often be predicted based on the labels of its neighboring nodes. In this case, the node in question (815) is connected to nodes 1344, 2018, and 88. 

Looking at the labels of these nodes:

- Node 1344 has label 3
- Node 2018 has label 0
- Node 88 has label 0

Given that two out of three neighboring nodes have the label 0, it is reasonable to predict that node 815 might also have the label 0. However, this is not a definitive rule and depends on the specific rules of the network. 

Therefore, the predicted label for node 815 is 0.

So, the response is ""Label of Node = 0"".","0"".",0.0687255859375
ff,1,35,88,0,"Task : Node Label Prediction (Predict the label of the node marked with a ?, given the adjacency list information as a dictionary of type ""node:node neighborhood"" and node-label mapping in the text enclosed in triple backticks). Response should be in the format ""Label of Node = <predicted label>"". If the predicted label cannot be determined, return ""Label of Node = -1"". 
        ```Adjacency list: {'1658': ['2018', '88'], '2018': ['1658'], '88': ['1658', '2394'], '2394': ['1027', '504', '1420', '88', '1421', '2396'], '1027': ['2394'], '504': ['2394', '2396'], '1420': ['2394', '2396', '1421'], '1421': ['2394', '1420'], '2396': ['2394', '504', '1420']}
Node to Label Mapping : 
Node 2018: Label 0| Node 1658: Label 0| Node 1027: Label 6| Node 2394: Label 6| Node 504: Label 6| Node 2396: Label 6| Node 1420: Label 6| Node 1421: Label 6| Node 88: Label ?| ```
        ","The node '88' is connected to nodes '1658' and '2394'. The label of node '1658' is 0 and the label of node '2394' is 6. Since there is no clear majority label among its neighbors, the label of node '88' cannot be determined.

Label of Node = -1",-1,0.0445556640625
ff,1,36,666,0,"Task : Node Label Prediction (Predict the label of the node marked with a ?, given the adjacency list information as a dictionary of type ""node:node neighborhood"" and node-label mapping in the text enclosed in triple backticks). Response should be in the format ""Label of Node = <predicted label>"". If the predicted label cannot be determined, return ""Label of Node = -1"". 
        ```Adjacency list: {'279': ['32', '242', '502', '666', '2165'], '32': ['279', '1973'], '1973': ['32', '504', '490', '779', '1975', '666'], '242': ['279'], '502': ['279'], '666': ['279', '1973'], '2165': ['279'], '504': ['1973'], '490': ['1973'], '779': ['1973'], '1975': ['1973']}
Node to Label Mapping : 
Node 32: Label 0| Node 279: Label 0| Node 1973: Label 6| Node 504: Label 6| Node 490: Label 5| Node 779: Label 6| Node 1975: Label 6| Node 242: Label 0| Node 666: Label ?| Node 502: Label 0| Node 2165: Label 6| ```
        ",Label of Node = 0,0,0.0372314453125
ff,1,37,1420,6,"Task : Node Label Prediction (Predict the label of the node marked with a ?, given the adjacency list information as a dictionary of type ""node:node neighborhood"" and node-label mapping in the text enclosed in triple backticks). Response should be in the format ""Label of Node = <predicted label>"". If the predicted label cannot be determined, return ""Label of Node = -1"". 
        ```Adjacency list: {'2394': ['1027', '504', '1420', '1421', '88', '2396'], '1027': ['2394'], '504': ['2394', '2396'], '1420': ['2394', '2396', '1421'], '1421': ['2394', '1420', '1975', '2109', '2110'], '88': ['2394'], '2396': ['2394', '504', '1420'], '1975': ['1421', '2109', '2110'], '2109': ['1421', '1975', '2110'], '2110': ['1421', '1975', '2109']}
Node to Label Mapping : 
Node 1027: Label 6| Node 2394: Label 6| Node 504: Label 6| Node 2396: Label 6| Node 1420: Label ?| Node 1421: Label 6| Node 1975: Label 6| Node 2109: Label 6| Node 2110: Label 6| Node 88: Label 0| ```
        ",Label of Node = 6,6,0.0423583984375
ff,1,38,517,5,"Task : Node Label Prediction (Predict the label of the node marked with a ?, given the adjacency list information as a dictionary of type ""node:node neighborhood"" and node-label mapping in the text enclosed in triple backticks). Response should be in the format ""Label of Node = <predicted label>"". If the predicted label cannot be determined, return ""Label of Node = -1"". 
        ```Adjacency list: {'490': ['2105'], '2105': ['490', '517'], '517': ['2105']}
Node to Label Mapping : 
Node 2105: Label 5| Node 490: Label 5| Node 517: Label ?| ```
        ",Label of Node = 5,5,0.0186767578125
ff,1,39,490,5,"Task : Node Label Prediction (Predict the label of the node marked with a ?, given the adjacency list information as a dictionary of type ""node:node neighborhood"" and node-label mapping in the text enclosed in triple backticks). Response should be in the format ""Label of Node = <predicted label>"". If the predicted label cannot be determined, return ""Label of Node = -1"". 
        ```Adjacency list: {'1973': ['32', '490', '504', '666', '1975'], '32': ['1973'], '490': ['1973'], '504': ['1973'], '666': ['1973'], '1975': ['1973']}
Node to Label Mapping : 
Node 32: Label 0| Node 1973: Label 6| Node 490: Label ?| Node 504: Label 6| Node 666: Label 0| Node 1975: Label 6| ```
        ",Label of Node = 6,6,0.025634765625
ff,1,40,1332,0,"Task : Node Label Prediction (Predict the label of the node marked with a ?, given the adjacency list information as a dictionary of type ""node:node neighborhood"" and node-label mapping in the text enclosed in triple backticks). Response should be in the format ""Label of Node = <predicted label>"". If the predicted label cannot be determined, return ""Label of Node = -1"". 
        ```Adjacency list: {'621': ['249', '2018', '1332'], '249': ['621'], '2018': ['621'], '1332': ['621']}
Node to Label Mapping : 
Node 249: Label 5| Node 621: Label 5| Node 2018: Label 0| Node 1332: Label ?| ```
        ",Label of Node = 5,5,0.02099609375
ff,1,41,76,5,"Task : Node Label Prediction (Predict the label of the node marked with a ?, given the adjacency list information as a dictionary of type ""node:node neighborhood"" and node-label mapping in the text enclosed in triple backticks). Response should be in the format ""Label of Node = <predicted label>"". If the predicted label cannot be determined, return ""Label of Node = -1"". 
        ```Adjacency list: {'76': ['2018', '2178', '88'], '2018': ['76', '356', '621', '815', '851', '1658', '2019'], '356': ['2018', '498'], '621': ['2018'], '815': ['2018', '88'], '851': ['2018', '88', '1309'], '1658': ['2018', '88'], '2019': ['2018'], '2178': ['76', '88', '1309'], '88': ['76', '815', '851', '1658', '2178', '2394', '498', '1309'], '498': ['356', '88'], '1309': ['851', '2178', '88'], '2394': ['88']}
Node to Label Mapping : 
Node 2018: Label 0| Node 76: Label ?| Node 356: Label 4| Node 621: Label 5| Node 815: Label 0| Node 851: Label 0| Node 1658: Label 0| Node 2019: Label 0| Node 2178: Label 5| Node 88: Label 0| Node 1309: Label 5| Node 498: Label 4| Node 2394: Label 6| ```
        ",Label of Node = 0,0,0.047607421875
ff,1,42,1131,3,"Task : Node Label Prediction (Predict the label of the node marked with a ?, given the adjacency list information as a dictionary of type ""node:node neighborhood"" and node-label mapping in the text enclosed in triple backticks). Response should be in the format ""Label of Node = <predicted label>"". If the predicted label cannot be determined, return ""Label of Node = -1"". 
        ```Adjacency list: {'1131': ['1224', '490'], '1224': ['1131', '1975'], '1975': ['1224', '1973'], '490': ['1131', '826', '1309', '1463', '1973', '1981', '2099', '2105'], '1973': ['1975', '490'], '826': ['490'], '1309': ['490'], '1463': ['490'], '1981': ['490'], '2099': ['490'], '2105': ['490']}
Node to Label Mapping : 
Node 1224: Label 0| Node 1131: Label ?| Node 1975: Label 6| Node 490: Label 5| Node 826: Label 5| Node 1309: Label 5| Node 1463: Label 3| Node 1973: Label 6| Node 1981: Label 0| Node 2099: Label 0| Node 2105: Label 5| ```
        ",Label of Node = 5,5,0.039306640625
ff,1,43,2019,0,"Task : Node Label Prediction (Predict the label of the node marked with a ?, given the adjacency list information as a dictionary of type ""node:node neighborhood"" and node-label mapping in the text enclosed in triple backticks). Response should be in the format ""Label of Node = <predicted label>"". If the predicted label cannot be determined, return ""Label of Node = -1"". 
        ```Adjacency list: {'76': ['2018'], '2018': ['76', '1658', '2019'], '1658': ['2018'], '2019': ['2018']}
Node to Label Mapping : 
Node 2018: Label 0| Node 76: Label 5| Node 1658: Label 0| Node 2019: Label ?| ```
        ",Label of Node = 0,0,0.0216064453125
ff,1,44,88,0,"Task : Node Label Prediction (Predict the label of the node marked with a ?, given the adjacency list information as a dictionary of type ""node:node neighborhood"" and node-label mapping in the text enclosed in triple backticks). Response should be in the format ""Label of Node = <predicted label>"". If the predicted label cannot be determined, return ""Label of Node = -1"". 
        ```Adjacency list: {'1658': ['2018', '88'], '2018': ['1658'], '88': ['1658', '2394'], '2394': ['1027', '504', '1420', '88', '1421', '2396'], '1027': ['2394'], '504': ['2394', '2396'], '1420': ['2394', '2396', '1421'], '1421': ['2394', '1420'], '2396': ['2394', '504', '1420']}
Node to Label Mapping : 
Node 2018: Label 0| Node 1658: Label 0| Node 1027: Label 6| Node 2394: Label 6| Node 504: Label 6| Node 2396: Label 6| Node 1420: Label 6| Node 1421: Label 6| Node 88: Label ?| ```
        ","The node '88' is connected to nodes '1658' and '2394'. The label of node '1658' is 0 and the label of node '2394' is 6. Since there is no clear majority label among the connected nodes, the label of node '88' cannot be determined. 

Label of Node = -1",-1,0.0447998046875
ff,1,45,1981,0,"Task : Node Label Prediction (Predict the label of the node marked with a ?, given the adjacency list information as a dictionary of type ""node:node neighborhood"" and node-label mapping in the text enclosed in triple backticks). Response should be in the format ""Label of Node = <predicted label>"". If the predicted label cannot be determined, return ""Label of Node = -1"". 
        ```Adjacency list: {'826': ['490'], '490': ['826', '1131', '1309', '1463', '1973', '1981', '2099', '2105'], '1131': ['490'], '1309': ['490'], '1463': ['490'], '1973': ['490'], '1981': ['490'], '2099': ['490'], '2105': ['490']}
Node to Label Mapping : 
Node 490: Label 5| Node 826: Label 5| Node 1131: Label 3| Node 1309: Label 5| Node 1463: Label 3| Node 1973: Label 6| Node 1981: Label ?| Node 2099: Label 0| Node 2105: Label 5| ```
        ",Label of Node = 5,5,0.033203125
ff,1,46,1332,0,"Task : Node Label Prediction (Predict the label of the node marked with a ?, given the adjacency list information as a dictionary of type ""node:node neighborhood"" and node-label mapping in the text enclosed in triple backticks). Response should be in the format ""Label of Node = <predicted label>"". If the predicted label cannot be determined, return ""Label of Node = -1"". 
        ```Adjacency list: {'621': ['249', '2018', '1332'], '249': ['621'], '2018': ['621'], '1332': ['621']}
Node to Label Mapping : 
Node 249: Label 5| Node 621: Label 5| Node 2018: Label 0| Node 1332: Label ?| ```
        ",Label of Node = 5,5,0.02099609375
ff,1,47,490,5,"Task : Node Label Prediction (Predict the label of the node marked with a ?, given the adjacency list information as a dictionary of type ""node:node neighborhood"" and node-label mapping in the text enclosed in triple backticks). Response should be in the format ""Label of Node = <predicted label>"". If the predicted label cannot be determined, return ""Label of Node = -1"". 
        ```Adjacency list: {'1973': ['32', '490', '504', '666', '1975'], '32': ['1973'], '490': ['1973'], '504': ['1973'], '666': ['1973'], '1975': ['1973']}
Node to Label Mapping : 
Node 32: Label 0| Node 1973: Label 6| Node 490: Label ?| Node 504: Label 6| Node 666: Label 0| Node 1975: Label 6| ```
        ",Label of Node = 6,6,0.025634765625
ff,1,48,1981,0,"Task : Node Label Prediction (Predict the label of the node marked with a ?, given the adjacency list information as a dictionary of type ""node:node neighborhood"" and node-label mapping in the text enclosed in triple backticks). Response should be in the format ""Label of Node = <predicted label>"". If the predicted label cannot be determined, return ""Label of Node = -1"". 
        ```Adjacency list: {'826': ['490'], '490': ['826', '1131', '1309', '1463', '1973', '1981', '2099', '2105'], '1131': ['490'], '1309': ['490'], '1463': ['490'], '1973': ['490'], '1981': ['490'], '2099': ['490'], '2105': ['490']}
Node to Label Mapping : 
Node 490: Label 5| Node 826: Label 5| Node 1131: Label 3| Node 1309: Label 5| Node 1463: Label 3| Node 1973: Label 6| Node 1981: Label ?| Node 2099: Label 0| Node 2105: Label 5| ```
        ","The node 1981 is connected to node 490. The label of node 490 is 5. Therefore, it can be predicted that the label of node 1981 is also 5.

Label of Node = 5",5,0.0382080078125
ff,1,49,2019,0,"Task : Node Label Prediction (Predict the label of the node marked with a ?, given the adjacency list information as a dictionary of type ""node:node neighborhood"" and node-label mapping in the text enclosed in triple backticks). Response should be in the format ""Label of Node = <predicted label>"". If the predicted label cannot be determined, return ""Label of Node = -1"". 
        ```Adjacency list: {'76': ['2018'], '2018': ['76', '356', '621', '815', '851', '1658', '2019'], '356': ['2018'], '621': ['2018'], '815': ['2018'], '851': ['2018'], '1658': ['2018'], '2019': ['2018']}
Node to Label Mapping : 
Node 2018: Label 0| Node 76: Label 5| Node 356: Label 4| Node 621: Label 5| Node 815: Label 0| Node 851: Label 0| Node 1658: Label 0| Node 2019: Label ?| ```
        ","The node 2019 is only connected to node 2018. The label of node 2018 is 0. Therefore, it is likely that node 2019 also has the same label due to their connection. 

Label of Node = 0",0,0.0360107421875
